click_date,client_id
2025-11-01 01:57:47,4217174943
2025-11-01 02:11:21,8581188253
2025-11-01 02:13:16,2693232025
2025-11-01 03:28:12,8905731989
2025-11-01 03:51:23,2071156755
2025-11-01 03:56:02,1320160582
2025-11-01 05:16:47,8108851120
2025-11-01 05:25:13,4532578601
2025-11-01 06:19:38,6414481930
2025-11-01 06:39:02,7048447933
2025-11-01 06:51:24,4970796029
2025-11-01 07:09:01,8473431288
2025-11-01 08:34:44,5847334226
2025-11-01 09:52:15,222433913
2025-11-01 10:00:16,9554597531
2025-11-01 10:21:08,5259668964
2025-11-01 10:35:16,964433388
2025-11-01 10:39:36,9270066306
2025-11-01 11:08:25,2070912951
2025-11-01 11:08:26,7779303938
2025-11-01 11:28:19,1334990381
2025-11-01 13:03:09,8726557565
2025-11-01 13:04:18,9438228731
2025-11-01 13:04:50,3461243700
2025-11-01 13:20:25,2016649217
2025-11-01 13:50:10,9156827594
2025-11-01 14:56:17,8611464785
2025-11-01 15:30:38,2843667778
2025-11-01 15:35:54,7331215946
2025-11-01 15:45:35,6055410297
2025-11-01 15:49:13,8751879875
2025-11-01 18:26:36,2550059612
2025-11-01 19:00:03,1136455488
2025-11-01 19:07:18,7583037237
2025-11-01 19:21:49,8154820349
2025-11-01 19:23:03,465397826
2025-11-01 19:24:08,1327443078
2025-11-01 19:37:08,5476893732
2025-11-01 20:05:16,8705111490
2025-11-01 20:31:41,2880523762
2025-11-01 20:33:48,3594894913
2025-11-01 20:42:35,5048786784
2025-11-01 20:51:00,9138057668
2025-11-01 20:58:13,9166938539
2025-11-01 21:03:21,3798781666
2025-11-01 21:18:10,2036826069
2025-11-01 21:18:36,6616368567
2025-11-01 22:01:18,3746038484
2025-11-01 22:10:03,7322534581
2025-11-01 23:09:38,1922746765
2025-11-01 23:43:48,5810074145
2025-11-02 00:20:47,2529114124
2025-11-02 00:31:30,7159225464
2025-11-02 00:35:16,5065252358
2025-11-02 00:40:11,665955021
2025-11-02 00:45:15,2659301908
2025-11-02 00:59:51,5685254736
2025-11-02 01:06:55,665955022
2025-11-02 01:23:41,2998154106
2025-11-02 01:30:32,298922021
2025-11-02 01:41:04,464879254
2025-11-02 02:00:08,7294371279
2025-11-02 03:10:39,5478472172
2025-11-02 03:24:51,5864144683
2025-11-02 03:37:25,8163289142
2025-11-02 04:09:24,4444483727
2025-11-02 05:06:39,9856052984
2025-11-02 05:39:19,4467296297
2025-11-02 08:20:42,5414416530
2025-11-02 09:04:01,6048603884
2025-11-02 09:11:20,7891555914
2025-11-02 09:40:35,1083555113
2025-11-02 09:56:38,3173415432
2025-11-02 10:09:43,83311215
2025-11-02 10:49:09,7162468806
2025-11-02 11:16:20,5452047281
2025-11-02 11:16:28,4999203341
2025-11-02 11:30:38,8257937440
2025-11-02 11:37:59,893068384
2025-11-02 12:39:31,7171986999
2025-11-02 13:13:14,4982602343
2025-11-02 13:25:57,8471997293
2025-11-02 13:26:25,6990083782
2025-11-02 14:28:26,5014791783
2025-11-02 14:49:54,4067559633
2025-11-02 15:04:35,7777450264
2025-11-02 15:30:52,2222113351
2025-11-02 16:31:31,7828995097
2025-11-02 17:00:41,5757965873
2025-11-02 17:20:13,3309717514
2025-11-02 17:44:50,7115568078
2025-11-02 20:21:31,7561110675
2025-11-02 21:15:44,216215346
2025-11-02 21:37:43,1088302233
2025-11-02 21:50:06,5128896069
2025-11-02 22:00:09,4141755246
2025-11-02 22:14:50,4893196284
2025-11-02 22:17:57,2834474430
2025-11-02 22:42:53,5836322610
2025-11-02 22:50:31,2662518582
2025-11-02 23:21:24,4867780762
2025-11-03 00:04:05,4006800654
2025-11-03 00:44:07,33122218
2025-11-03 01:07:02,3244729969
2025-11-03 01:16:05,363145972
2025-11-03 01:42:12,5798810350
2025-11-03 02:32:09,4175155538
2025-11-03 02:49:07,7458848925
2025-11-03 02:50:17,710339909
2025-11-03 03:39:46,5780484359
2025-11-03 04:41:09,1002833621
2025-11-03 04:58:22,746700679
2025-11-03 05:05:42,5606754139
2025-11-03 05:40:37,8873369996
2025-11-03 06:28:14,1693307218
2025-11-03 06:35:39,2019146982
2025-11-03 06:45:06,8985863373
2025-11-03 07:20:53,8984609974
2025-11-03 08:09:27,812607194
2025-11-03 08:20:38,725006775
2025-11-03 08:27:51,4508940735
2025-11-03 08:50:00,5103221509
2025-11-03 09:43:37,3138980428
2025-11-03 10:08:40,1939191150
2025-11-03 10:20:31,2810836189
2025-11-03 10:36:29,7060533069
2025-11-03 12:28:26,3332150396
2025-11-03 13:04:53,3102842445
2025-11-03 13:14:13,195731800
2025-11-03 13:42:09,9578745562
2025-11-03 15:35:01,4983520025
2025-11-03 16:53:39,6596225063
2025-11-03 17:45:02,5610641568
2025-11-03 18:21:49,9115313477
2025-11-03 18:24:22,4654823039
2025-11-03 18:29:39,816331073
2025-11-03 18:35:19,6917975229
2025-11-03 18:54:27,1322006180
2025-11-03 18:56:14,9887219490
2025-11-03 19:22:35,5100076117
2025-11-03 19:38:11,4656057898
2025-11-03 20:23:33,7772585039
2025-11-03 20:52:49,2117619915
2025-11-03 21:10:34,1894138818
2025-11-03 21:19:14,9462933950
2025-11-03 21:35:26,488714065
2025-11-03 21:40:37,4809880678
2025-11-03 21:46:57,1399938582
2025-11-03 21:54:58,5587503053
2025-11-03 22:05:38,2888083364
2025-11-03 22:25:02,8262933089
2025-11-03 23:30:19,5286610489
2025-11-03 23:38:10,8037797478
2025-11-03 23:53:22,1242418169
2025-11-04 00:27:59,2642466279
2025-11-04 00:41:16,3576225382
2025-11-04 01:12:54,3334846445
2025-11-04 02:05:09,9778910388
2025-11-04 02:15:14,6315662207
2025-11-04 02:28:41,4215627825
2025-11-04 02:50:34,7864238395
2025-11-04 02:59:09,172910081
2025-11-04 03:17:24,4385619583
2025-11-04 03:19:07,7001866651
2025-11-04 04:01:34,4901387317
2025-11-04 04:06:59,2998744214
2025-11-04 04:32:01,6666338990
2025-11-04 04:35:21,4120482040
2025-11-04 05:06:53,1415309129
2025-11-04 06:23:35,4679104663
2025-11-04 06:24:26,1625526756
2025-11-04 06:25:20,2605486049
2025-11-04 06:49:55,4501907171
2025-11-04 07:35:51,7148721798
2025-11-04 07:53:45,5031077513
2025-11-04 09:11:26,3821019515
2025-11-04 09:34:15,7440219684
2025-11-04 09:44:15,824734588
2025-11-04 09:57:13,4432364302
2025-11-04 10:00:52,4925900813
2025-11-04 10:13:00,1481293154
2025-11-04 10:22:59,7909461866
2025-11-04 10:23:11,2344276497
2025-11-04 10:26:10,8728189128
2025-11-04 10:54:24,4002938779
2025-11-04 11:41:49,4335285707
2025-11-04 12:47:56,6682315291
2025-11-04 12:56:48,6008015718
2025-11-04 13:06:06,4680106051
2025-11-04 13:19:11,5149309489
2025-11-04 13:34:13,4514886910
2025-11-04 13:35:44,6443578409
2025-11-04 14:03:20,923753675
2025-11-04 14:06:00,58142742
2025-11-04 15:01:57,3359461563
2025-11-04 15:05:43,5041723528
2025-11-04 15:16:30,8116979055
2025-11-04 15:42:29,9421172317
2025-11-04 15:49:42,1534102295
2025-11-04 16:05:51,1069025369
2025-11-04 16:50:45,2407490791
2025-11-04 17:16:34,1871345411
2025-11-04 17:23:13,8535136190
2025-11-04 17:23:46,4584861653
2025-11-04 17:48:32,2973057994
2025-11-04 18:17:43,6838384509
2025-11-04 18:47:32,4056413224
2025-11-04 18:56:24,6485289572
2025-11-04 19:26:26,2921654560
2025-11-04 19:38:34,3771687467
2025-11-04 21:00:01,2849986434
2025-11-04 21:31:17,8879729266
2025-11-04 21:40:50,8957599658
2025-11-04 22:08:20,2347998171
2025-11-04 22:41:23,4325073636
2025-11-04 22:56:05,3750483649
2025-11-04 23:24:43,9980864575
2025-11-04 23:41:29,5022747610
2025-11-04 23:51:07,6849644337
2025-11-05 00:22:11,8628800530
2025-11-05 00:28:15,3771198102
2025-11-05 00:40:33,6910822147
2025-11-05 00:58:46,6905031898
2025-11-05 01:08:07,9338765134
2025-11-05 01:14:59,5967749051
2025-11-05 01:31:44,164221296
2025-11-05 02:20:00,3442750125
2025-11-05 02:35:25,3481666573
2025-11-05 02:37:13,7687169861
2025-11-05 02:49:02,8274400955
2025-11-05 02:50:22,6236402732
2025-11-05 02:54:17,3902308681
2025-11-05 03:48:59,1266923087
2025-11-05 04:26:31,6560891379
2025-11-05 05:14:15,9228009359
2025-11-05 06:55:48,741116574
2025-11-05 07:23:39,2908349510
2025-11-05 08:22:23,3027366530
2025-11-05 09:04:21,834559163
2025-11-05 09:29:58,6521145803
2025-11-05 10:46:25,1281367097
2025-11-05 11:10:27,8043367738
2025-11-05 11:14:22,2825594598
2025-11-05 11:21:22,9496679511
2025-11-05 12:21:27,5651338654
2025-11-05 13:07:06,3314597314
2025-11-05 13:44:08,9314922124
2025-11-05 15:42:15,4970763125
2025-11-05 16:09:22,538998176
2025-11-05 17:18:37,8804471253
2025-11-05 17:53:42,3365164108
2025-11-05 18:38:12,2043714969
2025-11-05 18:40:55,9810289693
2025-11-05 18:55:05,4880757965
2025-11-05 19:31:32,8822830109
2025-11-05 19:51:35,8083293362
2025-11-05 20:00:39,8985330287
2025-11-05 20:14:09,5188684878
2025-11-05 20:26:50,4738576349
2025-11-05 20:40:23,1949159113
2025-11-05 20:47:14,4786956753
2025-11-05 20:57:11,488617149
2025-11-05 21:07:43,4216051386
2025-11-05 21:31:09,195874745
2025-11-05 21:37:02,5085804893
2025-11-05 21:48:04,4630856306
2025-11-05 22:01:39,3221689229
2025-11-05 22:12:23,826318739
2025-11-05 22:14:36,7953775345
2025-11-05 22:15:29,9303533411
2025-11-05 22:21:54,3007850145
2025-11-05 23:10:58,9433917982
2025-11-05 23:12:32,3308725270
2025-11-05 23:13:53,6388767361
2025-11-05 23:16:19,143812605
2025-11-05 23:57:14,2385768598
2025-11-06 00:00:12,2590260906
2025-11-06 00:11:13,9722372272
2025-11-06 00:16:33,990263223
2025-11-06 00:38:13,7224831456
2025-11-06 00:51:23,5261274433
2025-11-06 00:54:57,4701982724
2025-11-06 01:14:43,5048499988
2025-11-06 01:27:20,9910575462
2025-11-06 01:38:24,6585307034
2025-11-06 01:53:20,7597970543
2025-11-06 01:59:54,8133138305
2025-11-06 02:51:11,1170393575
2025-11-06 03:34:25,463329143
2025-11-06 04:01:31,2297831397
2025-11-06 04:15:00,2780001464
2025-11-06 04:29:51,3649468356
2025-11-06 05:21:51,4556080698
2025-11-06 05:23:44,2794091134
2025-11-06 05:35:21,102422178
2025-11-06 06:47:48,9141967133
2025-11-06 07:24:37,6116808623
2025-11-06 08:16:07,5820670940
2025-11-06 08:45:28,4867962542
2025-11-06 08:53:27,2635079308
2025-11-06 09:12:18,8833414733
2025-11-06 09:32:12,6939642389
2025-11-06 09:43:28,9235663008
2025-11-06 09:58:39,1803566553
2025-11-06 10:03:02,5520728538
2025-11-06 10:25:39,7427470652
2025-11-06 10:31:52,7684354065
2025-11-06 10:38:22,2145328819
2025-11-06 10:58:22,6503881309
2025-11-06 11:07:43,4538105433
2025-11-06 11:18:22,4359393410
2025-11-06 11:42:36,7379360209
2025-11-06 11:52:17,120520340
2025-11-06 13:59:52,3708052879
2025-11-06 14:55:19,6052455490
2025-11-06 15:03:43,555087067
2025-11-06 15:25:34,9475647708
2025-11-06 16:10:58,2775967913
2025-11-06 16:38:04,9956766718
2025-11-06 18:08:35,3642071330
2025-11-06 18:15:22,8832393874
2025-11-06 18:18:24,9482107699
2025-11-06 18:54:36,5695853124
2025-11-06 19:21:35,5138378773
2025-11-06 20:19:21,2827228413
2025-11-06 20:30:04,3426932716
2025-11-06 20:40:41,819070190
2025-11-06 20:44:47,8196503719
2025-11-06 20:52:26,9471205173
2025-11-06 21:09:06,5054044866
2025-11-06 21:19:49,371387201
2025-11-06 21:24:48,9423916872
2025-11-06 21:49:12,3770276343
2025-11-06 21:53:19,1118443739
2025-11-06 21:55:26,1429843923
2025-11-06 22:33:28,7906474221
2025-11-06 23:21:49,4970211699
2025-11-06 23:26:41,215141765
2025-11-06 23:26:44,8987538534
2025-11-06 23:38:39,1512133470
2025-11-07 00:03:59,3349883931
2025-11-07 00:16:33,8209547970
2025-11-07 00:25:53,835066230
2025-11-07 01:06:08,5903894133
2025-11-07 01:28:59,8636893491
2025-11-07 02:22:29,4253159590
2025-11-07 02:38:43,7117174709
2025-11-07 03:11:33,1259199168
2025-11-07 03:32:00,8786816144
2025-11-07 03:44:09,9505772930
2025-11-07 03:51:57,912904084
2025-11-07 04:21:32,2713008392
2025-11-07 06:17:25,8109590141
2025-11-07 07:48:52,7133079343
2025-11-07 07:51:40,6496609630
2025-11-07 08:20:38,7535595965
2025-11-07 10:47:32,1328429101
2025-11-07 10:51:51,976029906
2025-11-07 11:23:37,4732862493
2025-11-07 11:32:18,7399604336
2025-11-07 12:02:09,896539793
2025-11-07 12:11:33,3402003138
2025-11-07 12:19:26,3597372985
2025-11-07 13:14:46,2764921665
2025-11-07 14:49:09,3235504350
2025-11-07 15:00:06,8193712129
2025-11-07 15:44:09,4887511095
2025-11-07 15:57:27,2773775417
2025-11-07 16:16:39,5359606919
2025-11-07 17:29:19,6814264220
2025-11-07 18:13:18,6358522010
2025-11-07 18:15:54,224592688
2025-11-07 18:39:30,8772303719
2025-11-07 20:08:12,7589039112
2025-11-07 20:39:42,2533078826
2025-11-07 21:00:22,1913781266
2025-11-07 21:11:54,3364486391
2025-11-07 21:23:42,4254493293
2025-11-07 21:46:52,28482583
2025-11-07 21:57:09,903040767
2025-11-07 22:40:54,7326052989
2025-11-07 22:42:04,5986588101
2025-11-07 23:22:16,7622413391
2025-11-07 23:31:56,2848559135
2025-11-07 23:51:57,7407457192
2025-11-08 00:09:32,9443366905
2025-11-08 00:35:32,9686265637
2025-11-08 00:43:17,869239564
2025-11-08 00:49:45,9578605267
2025-11-08 00:52:53,4401853110
2025-11-08 00:58:15,3224911708
2025-11-08 01:29:08,3189841136
2025-11-08 03:41:27,7105623215
2025-11-08 04:23:25,2221630311
2025-11-08 05:20:17,8220204043
2025-11-08 05:28:17,3887814364
2025-11-08 05:47:58,4426611403
2025-11-08 05:54:18,6719481259
2025-11-08 06:31:40,838785304
2025-11-08 07:15:12,2230191891
2025-11-08 08:39:51,5884921424
2025-11-08 08:52:39,3182159393
2025-11-08 09:03:47,8351108645
2025-11-08 09:24:21,668261108
2025-11-08 09:54:23,6984321902
2025-11-08 10:13:16,6738256292
2025-11-08 11:01:39,902184549
2025-11-08 11:07:32,1602989364
2025-11-08 11:34:28,9562228444
2025-11-08 11:41:29,9223112439
2025-11-08 12:06:41,7511757448
2025-11-08 12:43:38,865277046
2025-11-08 13:05:24,137793377
2025-11-08 13:21:25,6409563583
2025-11-08 13:41:42,9802390006
2025-11-08 14:32:23,5582970829
2025-11-08 16:21:08,7002070074
2025-11-08 18:26:37,6877924120
2025-11-08 19:14:43,2765570811
2025-11-08 19:21:52,7564247524
2025-11-08 19:29:40,9275208265
2025-11-08 20:22:57,6691369814
2025-11-08 20:39:03,7236581976
2025-11-08 20:41:19,3514606261
2025-11-08 20:46:31,2642159490
2025-11-08 20:51:23,9768910401
2025-11-08 21:10:39,1821933091
2025-11-08 21:16:31,6834597229
2025-11-08 22:35:36,1381601365
2025-11-08 22:47:47,4363579519
2025-11-09 00:04:23,9678814736
2025-11-09 00:06:45,4166611530
2025-11-09 00:21:21,4241328667
2025-11-09 00:27:05,2157324195
2025-11-09 00:40:41,8831875938
2025-11-09 00:41:37,9084327977
2025-11-09 01:26:13,307529498
2025-11-09 01:52:41,5606553271
2025-11-09 01:57:42,500087972
2025-11-09 02:11:04,3755043429
2025-11-09 02:30:37,3211769469
2025-11-09 02:41:35,3579807251
2025-11-09 02:43:31,6734987914
2025-11-09 02:44:06,6845420656
2025-11-09 02:52:09,4383985664
2025-11-09 03:03:35,5661443204
2025-11-09 03:15:05,5803944898
2025-11-09 03:33:48,541031045
2025-11-09 03:45:12,3244660785
2025-11-09 04:14:20,3604666314
2025-11-09 04:16:21,333356890
2025-11-09 05:25:11,1491092076
2025-11-09 05:27:39,8929130467
2025-11-09 05:42:00,7908270163
2025-11-09 07:25:03,9243067143
2025-11-09 07:26:08,3802253101
2025-11-09 07:32:19,7458258209
2025-11-09 08:17:30,8840521998
2025-11-09 08:26:27,6086961887
2025-11-09 09:12:37,8932231355
2025-11-09 09:25:41,7962949093
2025-11-09 09:34:10,5063549742
2025-11-09 09:40:12,7534023513
2025-11-09 10:22:02,4250870131
2025-11-09 10:41:12,8810550318
2025-11-09 11:16:03,8868746616
2025-11-09 13:24:07,9381397654
2025-11-09 13:27:58,4936185568
2025-11-09 13:51:20,9262066060
2025-11-09 14:01:33,6694041704
2025-11-09 14:29:37,3618364852
2025-11-09 14:37:05,8788083580
2025-11-09 15:25:16,5210879331
2025-11-09 15:38:44,7173081215
2025-11-09 16:44:53,7119401197
2025-11-09 17:01:44,2026678443
2025-11-09 18:05:34,6467670981
2025-11-09 18:10:00,6985216973
2025-11-09 18:17:50,2506877680
2025-11-09 18:57:13,5757269136
2025-11-09 19:03:54,960773775
2025-11-09 19:07:10,9452310279
2025-11-09 19:09:52,6995915914
2025-11-09 19:13:57,9003451484
2025-11-09 19:22:33,1609914586
2025-11-09 19:41:48,7510600497
2025-11-09 19:48:18,5051069637
2025-11-09 20:19:37,785103902
2025-11-09 20:30:28,7292233254
2025-11-09 20:30:40,8932290730
2025-11-09 20:38:43,1453450934
2025-11-09 20:57:12,1734504758
2025-11-09 21:09:01,3372272332
2025-11-09 21:19:29,5474264164
2025-11-09 21:47:38,826370332
2025-11-09 22:41:20,2212750381
2025-11-09 23:30:24,8542500181
2025-11-09 23:56:52,5065779298
2025-11-10 00:19:53,1792327325
2025-11-10 00:45:18,5172958892
2025-11-10 01:57:11,7851578430
2025-11-10 02:05:53,3626332864
2025-11-10 02:06:29,6505126388
2025-11-10 02:14:27,6919854588
2025-11-10 02:31:03,2661978145
2025-11-10 02:35:04,9834793320
2025-11-10 02:50:58,7853867
2025-11-10 04:01:49,2663709004
2025-11-10 04:12:57,739868580
2025-11-10 04:18:23,6056264265
2025-11-10 05:01:19,2250980988
2025-11-10 06:32:57,6478651504
2025-11-10 06:40:27,3323466511
2025-11-10 06:50:49,8148600662
2025-11-10 08:16:11,3544458711
2025-11-10 08:22:06,1730767153
2025-11-10 09:14:32,1915044053
2025-11-10 09:19:22,1228993597
2025-11-10 09:41:25,1469256819
2025-11-10 09:44:03,6984091437
2025-11-10 09:53:59,9409381925
2025-11-10 10:43:01,7792725573
2025-11-10 10:48:00,4666322758
2025-11-10 10:51:13,6543856370
2025-11-10 10:54:59,5296088982
2025-11-10 10:57:56,7279290502
2025-11-10 11:03:34,5135723507
2025-11-10 12:17:47,6516874760
2025-11-10 12:34:59,6914537818
2025-11-10 13:02:09,9487225013
2025-11-10 13:06:27,6938111778
2025-11-10 13:17:11,9048526573
2025-11-10 13:17:52,8984600105
2025-11-10 14:06:45,6330518717
2025-11-10 14:30:33,584828668
2025-11-10 14:33:15,1084980848
2025-11-10 14:33:23,684979670
2025-11-10 14:54:54,7031933589
2025-11-10 15:03:04,4948124181
2025-11-10 15:12:48,345975909
2025-11-10 15:15:24,7485697222
2025-11-10 15:41:00,1817688378
2025-11-10 16:06:25,5370835609
2025-11-10 16:07:17,7361863725
2025-11-10 16:20:59,2044931850
2025-11-10 17:04:34,2118406065
2025-11-10 17:06:23,3670039263
2025-11-10 17:25:35,4791872687
2025-11-10 18:04:09,7913114951
2025-11-10 18:36:50,2174554037
2025-11-10 19:11:49,5562866277
2025-11-10 19:51:57,8680754478
2025-11-10 20:08:21,7825839583
2025-11-10 20:11:55,3027090467
2025-11-10 22:07:59,4611621427
2025-11-10 22:17:25,4922440442
2025-11-10 22:21:58,9494050993
2025-11-10 22:38:34,2612396869
2025-11-10 23:03:26,2007974256
2025-11-10 23:30:07,3773609571
2025-11-10 23:43:52,675653663
2025-11-10 23:52:07,106313342
2025-11-11 00:06:25,1834907106
2025-11-11 00:11:02,3052828447
2025-11-11 00:28:38,9442655474
2025-11-11 01:10:46,8868655736
2025-11-11 01:21:58,4146802792
2025-11-11 01:23:40,1207288233
2025-11-11 01:46:35,1347835401
2025-11-11 03:21:27,5727884207
2025-11-11 03:57:01,9988061819
2025-11-11 05:46:40,9555297589
2025-11-11 06:16:13,5683572040
2025-11-11 06:18:28,4861604735
2025-11-11 06:24:59,8300438848
2025-11-11 06:59:20,8300306275
2025-11-11 07:09:15,510650370
2025-11-11 08:06:18,6244327188
2025-11-11 08:47:50,239613155
2025-11-11 10:00:00,1071713195
2025-11-11 11:15:18,1677755477
2025-11-11 11:25:52,6527802411
2025-11-11 12:01:27,1304824232
2025-11-11 12:28:11,9058082658
2025-11-11 12:42:38,9127996196
2025-11-11 12:47:44,6796971945
2025-11-11 12:59:40,2341185703
2025-11-11 13:15:05,1583306288
2025-11-11 13:45:58,8190662055
2025-11-11 14:48:08,6076777865
2025-11-11 15:14:10,5579981372
2025-11-11 15:41:33,1116068115
2025-11-11 15:49:21,2709745638
2025-11-11 15:51:52,4877542579
2025-11-11 16:02:04,5326346732
2025-11-11 16:34:13,4322877079
2025-11-11 16:41:52,2012639490
2025-11-11 17:02:07,2182713528
2025-11-11 17:10:37,3436088126
2025-11-11 17:13:51,9641228621
2025-11-11 17:30:16,5217236212
2025-11-11 17:32:51,4821607810
2025-11-11 17:41:38,51089614
2025-11-11 17:54:07,1520014683
2025-11-11 17:59:55,7607255942
2025-11-11 18:05:48,2305873056
2025-11-11 18:47:35,7394644138
2025-11-11 19:05:23,2826514210
2025-11-11 19:21:06,4896215030
2025-11-11 19:35:28,1128774954
2025-11-11 19:45:14,4809931437
2025-11-11 19:55:48,566740689
2025-11-11 20:15:56,678639265
2025-11-11 20:55:40,1457179952
2025-11-11 20:59:16,911676549
2025-11-11 21:09:40,9792799171
2025-11-11 21:21:00,1436003037
2025-11-11 22:06:40,8442656701
2025-11-11 23:04:29,5265810091
2025-11-11 23:21:47,2344386734
2025-11-11 23:54:43,8966743320
2025-11-12 00:13:18,5055389547
2025-11-12 00:13:28,7893091055
2025-11-12 00:17:23,9432221904
2025-11-12 00:21:49,5779205546
2025-11-12 00:27:57,8590996299
2025-11-12 00:34:54,251790131
2025-11-12 00:39:18,1844368134
2025-11-12 00:44:54,725723846
2025-11-12 00:45:34,3231722043
2025-11-12 01:05:51,4328758316
2025-11-12 01:15:03,9507553419
2025-11-12 02:21:38,2418892579
2025-11-12 02:48:13,2341371240
2025-11-12 03:55:04,942194899
2025-11-12 05:23:53,2398176200
2025-11-12 05:43:36,9480392668
2025-11-12 05:50:00,9291850284
2025-11-12 07:09:35,8513827111
2025-11-12 08:03:08,3745071281
2025-11-12 08:14:04,973200086
2025-11-12 10:15:55,4475413959
2025-11-12 10:18:17,8566056766
2025-11-12 11:25:19,2997113493
2025-11-12 11:38:25,5874799033
2025-11-12 12:09:30,5937607808
2025-11-12 12:57:24,5383695216
2025-11-12 13:20:28,2006240431
2025-11-12 13:40:54,1132893057
2025-11-12 13:42:06,2544267055
2025-11-12 14:57:01,8071261890
2025-11-12 15:28:48,8862440076
2025-11-12 15:30:00,869873071
2025-11-12 15:49:20,8086329244
2025-11-12 16:08:11,7792307803
2025-11-12 16:14:24,7329263411
2025-11-12 17:34:11,9226991977
2025-11-12 17:55:17,5745966753
2025-11-12 18:19:02,5210314403
2025-11-12 18:51:51,4972786949
2025-11-12 19:17:31,9380862374
2025-11-12 19:31:59,1768435732
2025-11-12 19:37:15,6209848104
2025-11-12 19:46:40,4000741130
2025-11-12 20:02:11,4453701835
2025-11-12 20:17:09,8172946813
2025-11-12 20:57:42,4734516682
2025-11-12 21:04:49,6150258122
2025-11-12 21:23:10,4504720693
2025-11-12 21:45:50,4115733095
2025-11-12 22:44:53,5581507715
2025-11-12 22:57:19,1364370688
2025-11-12 23:15:08,3380771764
2025-11-12 23:15:26,6146237743
2025-11-12 23:22:05,4739251818
2025-11-12 23:30:03,7928559147
2025-11-12 23:45:09,8058320862
2025-11-13 00:01:43,3385730555
2025-11-13 00:11:54,1399532228
2025-11-13 00:28:54,7758542641
2025-11-13 00:38:23,6013134341
2025-11-13 00:39:30,1533907076
2025-11-13 00:56:44,629807947
2025-11-13 00:59:04,4594407802
2025-11-13 01:00:36,6433575697
2025-11-13 01:14:24,97073167
2025-11-13 02:24:51,9700204964
2025-11-13 02:46:12,9257631930
2025-11-13 02:57:02,1646320442
2025-11-13 03:01:52,4386656346
2025-11-13 03:21:50,9989659367
2025-11-13 04:47:19,875694629
2025-11-13 06:23:58,1002388034
2025-11-13 07:06:13,3221826453
2025-11-13 07:26:59,6183504850
2025-11-13 07:32:04,3161583879
2025-11-13 08:00:57,455761829
2025-11-13 08:17:09,8552446082
2025-11-13 08:18:11,4115350395
2025-11-13 08:53:52,4408218928
2025-11-13 09:29:08,8203752963
2025-11-13 10:37:09,206996048
2025-11-13 10:41:37,5303569586
2025-11-13 12:00:54,3590756234
2025-11-13 12:08:42,2074325181
2025-11-13 12:19:49,9998703351
2025-11-13 12:51:04,9691742612
2025-11-13 12:55:09,3953326587
2025-11-13 12:58:33,7820323709
2025-11-13 13:04:55,6485787070
2025-11-13 13:13:55,8312500887
2025-11-13 13:22:24,9405483482
2025-11-13 13:45:48,9633409475
2025-11-13 14:29:42,6916399999
2025-11-13 14:39:43,9052701449
2025-11-13 15:44:53,7972464102
2025-11-13 15:48:52,7316439955
2025-11-13 16:23:11,9946990915
2025-11-13 16:27:07,9451544491
2025-11-13 16:53:11,6952885801
2025-11-13 16:54:17,2557099318
2025-11-13 17:40:22,8700564173
2025-11-13 18:20:04,8693232061
2025-11-13 18:23:40,4720856565
2025-11-13 19:04:46,2161118411
2025-11-13 19:06:28,1977799036
2025-11-13 19:12:09,3354464596
2025-11-13 20:02:09,766080179
2025-11-13 20:22:19,3480196219
2025-11-13 20:36:24,966565301
2025-11-13 20:58:46,4917060494
2025-11-13 21:24:01,4983117431
2025-11-13 21:57:04,1030122609
2025-11-13 22:00:14,3495613892
2025-11-13 22:00:58,1025181692
2025-11-13 23:04:30,7970210959
2025-11-13 23:17:42,4127027900
2025-11-13 23:44:45,8903393884
2025-11-14 00:07:34,7137303126
2025-11-14 00:32:11,6728049295
2025-11-14 01:11:37,6472328719
2025-11-14 01:24:10,6009215527
2025-11-14 01:27:15,3179544440
2025-11-14 01:32:23,6686844808
2025-11-14 01:51:38,2939992629
2025-11-14 01:52:11,5427936596
2025-11-14 02:07:03,7548487298
2025-11-14 02:55:31,685718178
2025-11-14 04:14:47,1710710655
2025-11-14 04:29:04,5916242454
2025-11-14 04:45:00,8844623505
2025-11-14 05:23:04,8799835867
2025-11-14 05:24:19,2941040139
2025-11-14 05:33:16,716265601
2025-11-14 06:40:39,2191283402
2025-11-14 08:10:53,6926800896
2025-11-14 08:35:16,5337389825
2025-11-14 09:03:19,2124682928
2025-11-14 09:15:16,1916813418
2025-11-14 09:43:12,268055309
2025-11-14 09:48:07,5832913781
2025-11-14 10:09:27,7980720718
2025-11-14 10:34:23,5810703518
2025-11-14 10:37:20,7456406518
2025-11-14 11:46:25,2740884452
2025-11-14 11:54:08,8767178686
2025-11-14 12:03:43,402555335
2025-11-14 12:11:07,1221779185
2025-11-14 12:21:55,2650149306
2025-11-14 12:24:02,3671377672
2025-11-14 12:27:15,5291483384
2025-11-14 13:06:07,4889652049
2025-11-14 13:10:01,3377278673
2025-11-14 13:21:11,9417613835
2025-11-14 13:38:29,4865670388
2025-11-14 13:46:58,9386581953
2025-11-14 14:01:22,8737706289
2025-11-14 14:25:41,3355274550
2025-11-14 14:33:30,8225422727
2025-11-14 15:08:23,8139144025
2025-11-14 15:32:10,6499157958
2025-11-14 15:35:30,4029219019
2025-11-14 15:40:57,7448883754
2025-11-14 16:00:53,8761571217
2025-11-14 16:01:34,2988873100
2025-11-14 16:19:15,7637454869
2025-11-14 16:38:13,376328612
2025-11-14 16:40:36,732722784
2025-11-14 16:57:16,6865257460
2025-11-14 17:09:55,6200354594
2025-11-14 17:22:20,4693434379
2025-11-14 17:32:56,3934684630
2025-11-14 17:43:16,4427324178
2025-11-14 18:06:27,9918054641
2025-11-14 18:06:50,4832856130
2025-11-14 19:47:01,2587234010
2025-11-14 20:00:52,712301215
2025-11-14 20:02:56,6043689611
2025-11-14 20:09:31,6188161058
2025-11-14 20:14:01,9028216276
2025-11-14 20:59:10,8807914792
2025-11-14 21:18:27,1404301086
2025-11-14 21:31:58,7225405709
2025-11-14 22:16:53,9287747866
2025-11-14 22:17:28,5408845837
2025-11-14 22:23:25,4959810012
2025-11-14 22:38:23,7151757637
2025-11-14 22:40:15,3377677813
2025-11-14 22:52:56,907870325
2025-11-14 22:56:10,2940058791
2025-11-14 23:07:05,6285732585
2025-11-15 00:00:59,6382393486
2025-11-15 00:05:00,8946102895
2025-11-15 00:09:04,9099024172
2025-11-15 00:22:15,7787762828
2025-11-15 00:45:26,9148659819
2025-11-15 01:42:51,8996865482
2025-11-15 01:54:09,8056776738
2025-11-15 02:19:07,2733167210
2025-11-15 02:52:34,3081964274
2025-11-15 03:53:33,3692307678
2025-11-15 04:09:18,9101782364
2025-11-15 04:31:37,7058053634
2025-11-15 04:38:47,7731431259
2025-11-15 04:40:50,1698189963
2025-11-15 04:47:13,1512311169
2025-11-15 04:48:57,9396132476
2025-11-15 05:42:55,3234105770
2025-11-15 05:43:45,3168623250
2025-11-15 06:18:04,5190534845
2025-11-15 06:40:06,65644218
2025-11-15 06:42:49,5653845401
2025-11-15 08:39:14,2577250577
2025-11-15 08:41:19,9708419897
2025-11-15 08:41:59,2350604597
2025-11-15 09:35:16,3884720512
2025-11-15 09:38:10,2180617265
2025-11-15 10:00:20,8643382813
2025-11-15 10:15:58,64280175
2025-11-15 11:04:47,1615450938
2025-11-15 11:14:02,4068188122
2025-11-15 12:27:17,4938088906
2025-11-15 12:56:32,7324777830
2025-11-15 12:56:47,1798018585
2025-11-15 13:50:58,4992223751
2025-11-15 14:12:37,9049129643
2025-11-15 14:48:52,173821048
2025-11-15 14:49:41,9647191869
2025-11-15 15:11:29,5276035127
2025-11-15 15:39:05,17193561
2025-11-15 16:36:31,2809154124
2025-11-15 16:45:09,5449371967
2025-11-15 17:47:51,9604170822
2025-11-15 18:20:02,4569326599
2025-11-15 19:18:49,9105613920
2025-11-15 19:37:04,1282188607
2025-11-15 19:43:53,6773794077
2025-11-15 20:13:45,7346222321
2025-11-15 20:17:15,1619005581
2025-11-15 20:18:20,1898938580
2025-11-15 20:18:28,8773632282
2025-11-15 20:20:24,3466937751
2025-11-15 20:20:45,3602060436
2025-11-15 20:26:00,3685461883
2025-11-15 20:37:34,9049058438
2025-11-15 22:00:22,9800574910
2025-11-15 22:48:15,9177281149
2025-11-15 22:49:16,949615523
2025-11-15 23:12:10,248017328
2025-11-15 23:17:52,2436046901
2025-11-15 23:19:28,79397627
2025-11-16 00:03:06,2448450604
2025-11-16 00:14:29,295208003
2025-11-16 00:27:00,820734821
2025-11-16 01:09:56,7171827176
2025-11-16 01:21:19,561218794
2025-11-16 01:22:15,4832131819
2025-11-16 01:27:56,9122863422
2025-11-16 01:44:48,9201757162
2025-11-16 02:02:37,1510679848
2025-11-16 02:05:54,1699234386
2025-11-16 02:21:56,3709684843
2025-11-16 02:50:05,6296650497
2025-11-16 03:36:58,4186345592
2025-11-16 04:11:17,2287367155
2025-11-16 04:16:33,9770117008
2025-11-16 05:08:09,8471447645
2025-11-16 05:28:47,7942650744
2025-11-16 05:33:51,6305289031
2025-11-16 05:37:42,536322087
2025-11-16 06:45:13,5779998447
2025-11-16 07:37:38,7667943842
2025-11-16 09:04:41,304268887
2025-11-16 09:16:06,9266163668
2025-11-16 09:33:01,9192131926
2025-11-16 09:42:04,4752451081
2025-11-16 09:47:38,1302870151
2025-11-16 10:06:22,7290267005
2025-11-16 10:38:07,8626343760
2025-11-16 10:56:48,1834514191
2025-11-16 11:02:09,7995029821
2025-11-16 11:05:14,3110873076
2025-11-16 11:26:23,7842783299
2025-11-16 11:47:12,9076160197
2025-11-16 12:25:01,7026828845
2025-11-16 12:42:57,6952727077
2025-11-16 13:01:14,3079513737
2025-11-16 13:09:53,8822196794
2025-11-16 13:15:43,9683568952
2025-11-16 13:53:09,3597759401
2025-11-16 15:19:23,1514677501
2025-11-16 15:21:40,6697972312
2025-11-16 15:44:21,9693423949
2025-11-16 16:16:26,5013209632
2025-11-16 16:23:51,2347174810
2025-11-16 17:27:28,1920735284
2025-11-16 18:02:14,879158940
2025-11-16 18:23:11,5109343724
2025-11-16 18:31:36,941722138
2025-11-16 18:34:02,7136609031
2025-11-16 18:42:25,8757103911
2025-11-16 18:43:13,7397624380
2025-11-16 18:47:05,9652814539
2025-11-16 18:55:38,7973722100
2025-11-16 18:58:14,9342575491
2025-11-16 18:58:44,4648919228
2025-11-16 19:14:04,183570872
2025-11-16 19:28:51,8798267242
2025-11-16 19:31:02,1730657395
2025-11-16 20:29:18,5134714107
2025-11-16 20:41:49,7486488775
2025-11-16 20:48:47,8897059266
2025-11-16 20:51:25,1545752842
2025-11-16 21:00:00,9891428122
2025-11-16 21:22:27,2939100341
2025-11-16 21:23:32,5842516090
2025-11-16 21:55:48,1875452864
2025-11-16 22:11:49,2926043567
2025-11-16 22:41:12,4750745397
2025-11-16 22:51:48,9832984897
2025-11-16 22:52:07,769761110
2025-11-16 23:19:33,3765992413
2025-11-16 23:31:57,4440444725
2025-11-17 00:20:08,7820388121
2025-11-17 00:36:54,1929389507
2025-11-17 01:48:31,1891792321
2025-11-17 02:00:56,2129694894
2025-11-17 03:27:11,8572391973
2025-11-17 06:15:08,3884508596
2025-11-17 06:41:36,462479150
2025-11-17 07:12:13,8581021133
2025-11-17 08:29:29,6622160581
2025-11-17 08:47:38,1695489465
2025-11-17 08:55:59,113941078
2025-11-17 09:56:57,6944159982
2025-11-17 11:07:58,9336125422
2025-11-17 11:15:20,3640546639
2025-11-17 11:18:03,3514205905
2025-11-17 11:19:10,879259119
2025-11-17 11:30:04,7071415747
2025-11-17 11:51:43,667302723
2025-11-17 12:58:07,8467416726
2025-11-17 13:36:32,7251415810
2025-11-17 13:58:57,608147468
2025-11-17 14:03:38,9789938244
2025-11-17 14:20:39,392699346
2025-11-17 14:37:27,1415087036
2025-11-17 15:14:16,4001462599
2025-11-17 15:36:05,3461769118
2025-11-17 15:45:22,4327682275
2025-11-17 15:52:52,5991336520
2025-11-17 16:32:08,6426799471
2025-11-17 16:42:54,9876855506
2025-11-17 17:01:38,8550409434
2025-11-17 17:22:24,7955710903
2025-11-17 17:40:25,9713443912
2025-11-17 17:41:02,3855322038
2025-11-17 19:11:52,6686271924
2025-11-17 19:25:33,7584364284
2025-11-17 20:22:45,4853507137
2025-11-17 20:43:09,6765391148
2025-11-17 21:19:31,6157394088
2025-11-17 21:21:06,7297737488
2025-11-17 21:21:49,5081774601
2025-11-17 21:39:32,6032715618
2025-11-17 21:43:39,9727677834
2025-11-17 22:08:48,1709969602
2025-11-17 22:25:35,3058260200
2025-11-17 23:22:18,8743608188
2025-11-17 23:48:33,7622707181
2025-11-17 23:48:55,9224037828
2025-11-18 00:16:57,2132397604
2025-11-18 00:48:07,3403805763
2025-11-18 00:48:29,2676186056
2025-11-18 00:56:50,3349967192
2025-11-18 01:09:56,7837341313
2025-11-18 01:11:54,5918077651
2025-11-18 01:36:26,3294507156
2025-11-18 01:45:44,5172351068
2025-11-18 01:54:58,8907845179
2025-11-18 02:37:18,5768605933
2025-11-18 03:26:59,3054255229
2025-11-18 04:04:57,9717501042
2025-11-18 05:56:42,8093686952
2025-11-18 06:12:19,3776077338
2025-11-18 06:24:52,2299664302
2025-11-18 06:47:46,1381078738
2025-11-18 06:51:11,7940142889
2025-11-18 08:48:50,8807443249
2025-11-18 09:41:48,129926646
2025-11-18 10:41:58,8588202689
2025-11-18 10:58:41,9989083597
2025-11-18 10:59:31,5660040908
2025-11-18 11:08:48,667141490
2025-11-18 11:24:13,1158735607
2025-11-18 12:05:39,8916381854
2025-11-18 12:09:54,594851080
2025-11-18 12:15:37,4908139430
2025-11-18 12:42:39,2407920856
2025-11-18 12:57:10,3713687267
2025-11-18 13:03:15,1131783001
2025-11-18 13:20:33,759261325
2025-11-18 13:38:04,3310443784
2025-11-18 15:16:01,6412760799
2025-11-18 15:37:18,7440959806
2025-11-18 15:51:52,9960305246
2025-11-18 16:03:05,3855145075
2025-11-18 16:27:25,2697718244
2025-11-18 16:43:51,214985275
2025-11-18 17:32:11,9354729192
2025-11-18 17:36:12,5478735123
2025-11-18 17:38:15,8541532372
2025-11-18 17:55:42,6526410663
2025-11-18 18:01:21,4655538468
2025-11-18 18:30:40,8882503895
2025-11-18 18:53:10,9969225126
2025-11-18 19:00:47,9501045670
2025-11-18 19:28:24,5416009506
2025-11-18 19:32:01,1718640591
2025-11-18 19:47:55,2664277140
2025-11-18 20:44:15,5877017771
2025-11-18 21:36:17,2549324629
2025-11-18 22:14:45,5188981492
2025-11-18 22:46:25,7577689744
2025-11-18 22:49:50,7383365260
2025-11-18 22:54:42,5241110124
2025-11-18 23:24:23,8830036791
2025-11-18 23:51:56,4089257709
2025-11-19 01:03:00,6332345412
2025-11-19 01:31:28,2442516852
2025-11-19 02:07:11,1049026192
2025-11-19 03:03:24,3334506681
2025-11-19 03:16:26,5488841086
2025-11-19 03:44:49,1607308407
2025-11-19 03:57:04,8379624124
2025-11-19 04:00:33,1884824135
2025-11-19 04:34:46,3002515840
2025-11-19 04:51:44,8533205644
2025-11-19 04:52:21,864607778
2025-11-19 05:09:01,6694370975
2025-11-19 05:24:45,6776995381
2025-11-19 06:24:31,118816609
2025-11-19 07:13:51,815751664
2025-11-19 07:52:42,6138055504
2025-11-19 08:00:39,6782674927
2025-11-19 08:09:57,9718071186
2025-11-19 09:12:33,1862484175
2025-11-19 09:20:31,8011561897
2025-11-19 09:21:38,9937818585
2025-11-19 09:34:42,9466843371
2025-11-19 10:26:40,1720189300
2025-11-19 10:34:02,6608214215
2025-11-19 10:41:06,9982665048
2025-11-19 10:45:49,3766956911
2025-11-19 12:44:41,6835628660
2025-11-19 14:28:10,3340759040
2025-11-19 14:52:56,5893810253
2025-11-19 15:02:06,6874284823
2025-11-19 16:00:31,3020826510
2025-11-19 16:16:29,7627268573
2025-11-19 16:41:08,2088506310
2025-11-19 17:32:39,5971775779
2025-11-19 18:12:58,3917158871
2025-11-19 18:26:09,7618021617
2025-11-19 18:44:26,4332506488
2025-11-19 18:53:26,3489302624
2025-11-19 18:57:58,6727480508
2025-11-19 19:27:36,3562900793
2025-11-19 19:55:29,2575487414
2025-11-19 19:57:30,1341055566
2025-11-19 20:38:13,4391635563
2025-11-19 21:56:20,4675700589
2025-11-19 22:13:57,975321708
2025-11-19 22:14:14,291657266
2025-11-19 22:35:07,4581398081
2025-11-19 23:05:48,7007634137
2025-11-19 23:32:54,5127159683
2025-11-19 23:39:16,8467589151
2025-11-20 00:04:02,538760505
2025-11-20 00:09:58,3991238991
2025-11-20 00:13:43,6893783367
2025-11-20 00:43:44,5079914270
2025-11-20 00:54:25,9353335552
2025-11-20 00:59:23,7955018849
2025-11-20 01:02:52,93013087
2025-11-20 01:18:34,825317363
2025-11-20 02:47:53,3999483269
2025-11-20 03:25:25,4697242675
2025-11-20 04:47:45,6851077356
2025-11-20 04:55:58,6978320773
2025-11-20 05:39:16,3850518806
2025-11-20 06:09:16,2496631818
2025-11-20 06:41:31,7180260109
2025-11-20 07:11:50,1421040954
2025-11-20 07:36:53,387227714
2025-11-20 07:55:02,4874232824
2025-11-20 07:55:19,1575602050
2025-11-20 09:09:48,182747384
2025-11-20 09:31:27,8342220455
2025-11-20 09:45:32,8727352885
2025-11-20 09:56:23,6878974618
2025-11-20 10:21:10,1711356753
2025-11-20 10:31:30,711344795
2025-11-20 10:48:04,6746895134
2025-11-20 10:49:23,329246510
2025-11-20 10:53:37,1771499053
2025-11-20 11:43:13,1881350025
2025-11-20 12:03:02,3275655977
2025-11-20 13:22:22,6432152288
2025-11-20 13:37:04,8665607325
2025-11-20 13:57:22,5118341317
2025-11-20 14:34:04,2918353747
2025-11-20 15:02:58,7034674225
2025-11-20 15:14:21,6070722399
2025-11-20 16:10:06,9928869287
2025-11-20 16:29:02,9399615575
2025-11-20 16:33:59,7033299892
2025-11-20 17:33:04,2392976682
2025-11-20 18:17:01,8379866655
2025-11-20 18:34:24,2620973892
2025-11-20 18:55:50,3551539429
2025-11-20 19:01:31,1235478822
2025-11-20 19:10:28,2894430301
2025-11-20 19:11:52,9882637622
2025-11-20 20:24:21,4205469665
2025-11-20 21:24:17,7965157605
2025-11-20 21:33:05,8366852558
2025-11-20 21:38:18,9992784700
2025-11-20 21:41:35,8323875035
2025-11-20 21:55:26,1421607714
2025-11-20 22:19:12,7077940
2025-11-20 22:21:49,585606506
2025-11-20 22:44:39,9979672789
2025-11-20 22:54:42,6343367754
2025-11-20 23:13:33,7213218116
2025-11-21 00:09:44,3586504697
2025-11-21 00:29:19,9165385431
2025-11-21 00:37:14,535461148
2025-11-21 00:40:14,9052505116
2025-11-21 00:55:19,8762117854
2025-11-21 01:24:07,9072958236
2025-11-21 01:24:43,5354077507
2025-11-21 01:34:37,4911789682
2025-11-21 01:41:30,1770808488
2025-11-21 02:09:49,3303847705
2025-11-21 02:27:21,9128067469
2025-11-21 02:32:58,8378297439
2025-11-21 02:59:06,3249230597
2025-11-21 03:12:27,7892965075
2025-11-21 03:57:20,9410862314
2025-11-21 04:01:29,7658809930
2025-11-21 04:02:54,6091589409
2025-11-21 04:21:47,2792475778
2025-11-21 04:28:53,9980199678
2025-11-21 05:07:46,4280440010
2025-11-21 05:56:09,9501977867
2025-11-21 07:05:53,1429469355
2025-11-21 07:32:12,7534878963
2025-11-21 07:36:56,687636379
2025-11-21 08:25:33,6733231765
2025-11-21 08:27:49,629076615
2025-11-21 08:52:41,3330401109
2025-11-21 09:55:33,3622133530
2025-11-21 09:55:34,7871386146
2025-11-21 10:00:01,6403101298
2025-11-21 10:44:51,2429992234
2025-11-21 10:58:36,5311183238
2025-11-21 11:15:00,29939310
2025-11-21 11:54:46,9328352795
2025-11-21 12:07:24,6859047246
2025-11-21 12:17:54,9111985567
2025-11-21 12:43:19,2491114235
2025-11-21 12:43:53,4474027024
2025-11-21 13:01:30,9467622263
2025-11-21 13:10:27,3531949046
2025-11-21 13:25:50,817846604
2025-11-21 14:12:28,1525074830
2025-11-21 14:28:09,5232354289
2025-11-21 14:56:00,260263425
2025-11-21 15:20:36,4815813291
2025-11-21 17:09:27,2911028293
2025-11-21 18:17:57,2186690405
2025-11-21 18:22:08,3378135279
2025-11-21 18:38:52,9289543464
2025-11-21 18:41:59,9591667394
2025-11-21 19:04:30,2614854739
2025-11-21 19:41:12,1799041553
2025-11-21 19:57:03,9885695449
2025-11-21 20:05:28,2803361637
2025-11-21 20:08:53,9093504455
2025-11-21 20:10:59,4206126366
2025-11-21 20:16:34,2120048606
2025-11-21 20:25:18,162627160
2025-11-21 20:28:58,8216793720
2025-11-21 20:31:40,6179130221
2025-11-21 20:53:36,3585883969
2025-11-21 21:01:00,1519006843
2025-11-21 21:13:22,2880364884
2025-11-21 21:40:05,1961933975
2025-11-21 22:05:06,2782382763
2025-11-21 22:30:27,5201479485
2025-11-21 22:59:18,1822110742
2025-11-21 23:11:14,361513738
2025-11-21 23:30:50,5424067939
2025-11-21 23:42:04,9243476136
2025-11-21 23:54:52,9227789621
2025-11-22 00:55:09,4683750264
2025-11-22 01:32:41,5498834045
2025-11-22 02:16:52,6114174593
2025-11-22 02:39:42,2860269214
2025-11-22 04:08:05,6920501466
2025-11-22 04:25:02,5128265828
2025-11-22 06:09:46,2712710956
2025-11-22 06:23:45,8197706565
2025-11-22 06:36:26,1903144114
2025-11-22 07:46:16,6172596645
2025-11-22 08:06:20,3168269599
2025-11-22 08:39:29,9435977684
2025-11-22 08:55:54,8087301479
2025-11-22 09:07:06,1787765691
2025-11-22 09:12:18,8550949907
2025-11-22 09:28:37,3377034654
2025-11-22 12:04:28,2274956205
2025-11-22 12:48:28,448953120
2025-11-22 12:52:51,8207135646
2025-11-22 13:34:08,4590644087
2025-11-22 13:46:03,8456178570
2025-11-22 14:02:36,1547667662
2025-11-22 14:07:57,1220865574
2025-11-22 14:27:45,6824886599
2025-11-22 14:55:53,9742090470
2025-11-22 15:41:47,4175357569
2025-11-22 16:21:51,9254009064
2025-11-22 16:47:28,130475606
2025-11-22 16:56:46,5739493403
2025-11-22 17:41:56,6507599862
2025-11-22 17:57:13,7150146342
2025-11-22 17:57:41,9060798579
2025-11-22 18:52:24,1715270840
2025-11-22 19:01:22,4227862187
2025-11-22 19:07:00,3519339763
2025-11-22 19:17:43,5697554867
2025-11-22 19:18:30,6516176176
2025-11-22 19:30:40,5378166982
2025-11-22 19:45:12,8434997916
2025-11-22 19:48:01,7224894709
2025-11-22 19:55:38,6447775331
2025-11-22 19:56:22,6052995468
2025-11-22 20:19:44,1596431585
2025-11-22 20:28:28,3686442674
2025-11-22 20:34:55,161039564
2025-11-22 20:38:43,2403107194
2025-11-22 21:09:30,942929784
2025-11-22 21:46:18,3296237705
2025-11-22 22:24:44,6998174024
2025-11-22 22:30:45,6247000381
2025-11-22 22:36:57,2352347790
2025-11-22 23:01:28,1621843752
2025-11-22 23:29:44,104507834
2025-11-22 23:56:43,5240692441
2025-11-23 00:13:14,9323505356
2025-11-23 00:18:39,7186109106
2025-11-23 00:37:56,137436969
2025-11-23 00:38:59,3855762186
2025-11-23 00:40:01,2204153384
2025-11-23 00:55:49,466746510
2025-11-23 01:01:19,3436823765
2025-11-23 01:04:23,7201612684
2025-11-23 01:06:53,23829759
2025-11-23 01:49:21,7324809030
2025-11-23 02:22:04,9051523465
2025-11-23 02:34:53,6577416984
2025-11-23 02:35:57,9344926912
2025-11-23 03:33:08,6027872078
2025-11-23 04:02:34,3310612516
2025-11-23 04:43:33,663155684
2025-11-23 06:01:44,5691391453
2025-11-23 06:10:54,8635654961
2025-11-23 06:12:52,714565764
2025-11-23 06:54:47,6090334085
2025-11-23 07:04:40,178709400
2025-11-23 08:27:10,2795431675
2025-11-23 10:19:48,925685801
2025-11-23 11:05:25,5399966205
2025-11-23 11:18:54,912562628
2025-11-23 13:21:44,6308952744
2025-11-23 13:21:59,4995702368
2025-11-23 13:40:57,7694162858
2025-11-23 13:46:17,6496997442
2025-11-23 14:06:54,9460758893
2025-11-23 14:27:25,2561311265
2025-11-23 14:30:18,3860333742
2025-11-23 14:48:43,8439768161
2025-11-23 16:08:34,2132898928
2025-11-23 16:33:27,1952838737
2025-11-23 18:24:12,533245504
2025-11-23 18:37:15,5327832322
2025-11-23 19:20:14,1564865717
2025-11-23 19:23:37,5634942081
2025-11-23 19:38:11,751540506
2025-11-23 19:47:39,7074545596
2025-11-23 19:56:29,8394288893
2025-11-23 19:59:57,5631169847
2025-11-23 20:07:18,8520634188
2025-11-23 20:11:31,5564987504
2025-11-23 20:41:48,9298234209
2025-11-23 20:53:53,2322126568
2025-11-23 21:19:21,4953748303
2025-11-23 21:49:44,1982695970
2025-11-23 22:08:30,2474850624
2025-11-23 22:16:35,2517215662
2025-11-23 22:43:00,4488638624
2025-11-23 22:43:55,6269683816
2025-11-23 22:49:09,7574982268
2025-11-23 23:00:38,6178697388
2025-11-23 23:00:42,3151665587
2025-11-23 23:04:47,5537845714
2025-11-23 23:17:28,1231254877
2025-11-24 00:23:28,347058252
2025-11-24 00:54:41,6577076334
2025-11-24 01:30:05,3220386567
2025-11-24 01:31:46,6025260849
2025-11-24 01:33:49,8100030567
2025-11-24 01:34:56,3379469766
2025-11-24 01:46:47,726583338
2025-11-24 02:15:03,3617902305
2025-11-24 02:57:54,2525342595
2025-11-24 03:22:37,1157540699
2025-11-24 03:50:04,613449670
2025-11-24 03:51:44,6224990498
2025-11-24 04:30:36,2619970186
2025-11-24 04:36:46,8977699649
2025-11-24 05:44:50,5747670251
2025-11-24 06:16:12,8873602123
2025-11-24 07:28:22,1659681878
2025-11-24 07:28:46,5446944852
2025-11-24 08:41:04,7418974938
2025-11-24 08:59:58,2729289449
2025-11-24 09:17:55,8736798763
2025-11-24 09:21:50,3342404431
2025-11-24 09:25:12,3458386815
2025-11-24 10:07:15,4706633750
2025-11-24 10:17:05,8001598914
2025-11-24 10:31:00,2165923801
2025-11-24 10:52:10,3357762027
2025-11-24 12:34:44,6923828244
2025-11-24 12:42:12,2713080499
2025-11-24 13:20:28,5865190175
2025-11-24 13:27:53,8574920524
2025-11-24 13:38:52,7138564762
2025-11-24 13:41:42,2160069178
2025-11-24 14:23:16,1352665830
2025-11-24 15:21:54,976051625
2025-11-24 15:49:49,6714251059
2025-11-24 16:07:57,8933239529
2025-11-24 16:49:22,6203599226
2025-11-24 17:19:52,5211939759
2025-11-24 17:26:15,6677493111
2025-11-24 18:16:42,4642624217
2025-11-24 18:46:20,5122596045
2025-11-24 18:49:54,8544229041
2025-11-24 18:51:43,858801554
2025-11-24 19:38:10,402215493
2025-11-24 20:01:13,4446789511
2025-11-24 20:02:35,1218853919
2025-11-24 20:04:35,8125437881
2025-11-24 20:17:52,8872547604
2025-11-24 20:31:18,9435893523
2025-11-24 21:19:32,7028895264
2025-11-24 21:37:30,5076868217
2025-11-24 22:03:17,3175071153
2025-11-24 22:03:59,3707743857
2025-11-24 22:25:15,5927429954
2025-11-24 22:37:05,8255636323
2025-11-24 22:49:01,1130867692
2025-11-24 22:57:11,8081265940
2025-11-24 23:40:04,160561211
2025-11-24 23:58:28,2117282752
2025-11-25 00:12:07,3807911971
2025-11-25 00:13:58,1043321906
2025-11-25 00:16:13,5951554883
2025-11-25 00:16:14,6916451664
2025-11-25 00:20:47,4645640803
2025-11-25 02:07:55,2932766670
2025-11-25 02:47:30,4246267770
2025-11-25 03:45:02,5735450794
2025-11-25 03:54:26,2219317271
2025-11-25 04:44:14,9452739963
2025-11-25 05:41:46,9599738988
2025-11-25 06:20:27,253118352
2025-11-25 06:29:14,8170127646
2025-11-25 07:44:46,6440753257
2025-11-25 07:58:21,5107466943
2025-11-25 08:01:07,1273823162
2025-11-25 08:20:15,7894558595
2025-11-25 08:35:20,8361499902
2025-11-25 08:42:32,2632157141
2025-11-25 09:25:11,2883206700
2025-11-25 10:17:54,5466022420
2025-11-25 11:05:52,4887724617
2025-11-25 11:13:40,523222422
2025-11-25 12:01:29,3229856176
2025-11-25 12:02:25,8374889398
2025-11-25 12:10:26,1041314695
2025-11-25 12:39:02,7532191931
2025-11-25 13:44:54,3270783787
2025-11-25 14:24:32,5955985027
2025-11-25 14:52:17,6029325034
2025-11-25 15:40:14,9904643568
2025-11-25 15:43:37,1304652837
2025-11-25 16:03:35,4571811034
2025-11-25 17:20:02,5728309359
2025-11-25 17:41:05,8238727294
2025-11-25 17:42:51,7021674524
2025-11-25 18:02:15,4109636423
2025-11-25 18:11:45,2871982090
2025-11-25 18:17:08,3385308185
2025-11-25 18:37:09,8077151082
2025-11-25 19:27:35,6074166479
2025-11-25 19:29:34,8507659526
2025-11-25 19:44:34,7659823550
2025-11-25 19:49:23,2412318620
2025-11-25 20:17:35,8030303059
2025-11-25 20:32:10,2787832499
2025-11-25 20:34:18,4509046504
2025-11-25 20:42:06,962805180
2025-11-25 20:47:31,3839165377
2025-11-25 21:33:11,6464631594
2025-11-25 21:35:40,7316948160
2025-11-25 21:50:13,3097604648
2025-11-25 22:10:58,7952542759
2025-11-25 22:11:16,5630066803
2025-11-25 22:45:49,1032797383
2025-11-25 23:01:06,1243250125
2025-11-25 23:22:14,4595285678
2025-11-25 23:34:12,6866865525
2025-11-25 23:47:53,3503964266
2025-11-26 00:13:55,4039811139
2025-11-26 01:11:18,4475686844
2025-11-26 01:31:48,7763053583
2025-11-26 01:32:34,4895875878
2025-11-26 02:02:57,54324225
2025-11-26 02:11:09,6577329927
2025-11-26 02:24:09,6833332736
2025-11-26 02:43:17,6736934300
2025-11-26 03:05:38,9145894474
2025-11-26 03:44:22,7709459862
2025-11-26 04:27:01,6403379229
2025-11-26 04:54:21,2952292770
2025-11-26 04:54:50,5810422178
2025-11-26 05:14:42,2481422406
2025-11-26 05:44:30,1594911230
2025-11-26 05:50:31,7048008075
2025-11-26 05:52:05,5952233025
2025-11-26 07:04:16,5704314708
2025-11-26 07:23:35,1116098159
2025-11-26 08:03:32,8576302269
2025-11-26 08:03:35,9873408546
2025-11-26 08:05:31,7600411707
2025-11-26 08:25:27,1653422210
2025-11-26 08:34:04,2429294050
2025-11-26 08:48:55,7623087274
2025-11-26 09:04:56,1748862201
2025-11-26 11:45:44,8058307247
2025-11-26 12:29:58,6577482420
2025-11-26 13:49:33,9519403978
2025-11-26 14:36:53,2492531226
2025-11-26 15:38:21,7273251740
2025-11-26 16:35:51,1036103714
2025-11-26 16:36:28,9651363221
2025-11-26 16:46:29,8523957386
2025-11-26 16:48:35,1246906243
2025-11-26 17:04:30,6680453418
2025-11-26 17:09:12,9722317415
2025-11-26 17:23:19,2571494361
2025-11-26 17:25:14,6250258664
2025-11-26 17:42:47,9536383829
2025-11-26 17:48:32,8575651216
2025-11-26 18:31:22,9873940633
2025-11-26 19:10:44,1487944462
2025-11-26 19:28:46,7032937712
2025-11-26 19:48:59,5337187707
2025-11-26 20:17:55,2982484743
2025-11-26 20:21:08,3331582314
2025-11-26 20:28:12,4047361594
2025-11-26 20:28:41,5649691652
2025-11-26 20:28:58,9941756931
2025-11-26 20:49:25,1759881398
2025-11-26 21:07:01,2197672038
2025-11-26 21:39:15,6631794245
2025-11-26 21:55:28,6764775788
2025-11-26 21:55:28,7799674561
2025-11-26 22:12:41,7177197037
2025-11-26 22:36:10,1943270134
2025-11-26 22:39:48,6899629771
2025-11-26 22:47:22,4514739197
2025-11-26 23:03:57,5735945248
2025-11-26 23:16:44,7902471733
2025-11-26 23:56:55,5568153783
2025-11-27 00:21:55,991012631
2025-11-27 00:22:36,1185089815
2025-11-27 00:30:45,3796791381
2025-11-27 01:42:24,9267482322
2025-11-27 01:52:07,4916832039
2025-11-27 02:07:34,9929796908
2025-11-27 02:24:37,1768875133
2025-11-27 02:33:37,1339659349
2025-11-27 04:29:05,3360665724
2025-11-27 04:33:45,8721709987
2025-11-27 04:35:19,7847011932
2025-11-27 04:47:31,7847011933
2025-11-27 04:56:23,2066294216
2025-11-27 05:30:03,7774222349
2025-11-27 05:48:40,4518326112
2025-11-27 07:36:02,7583742912
2025-11-27 08:28:53,6359397501
2025-11-27 08:31:30,5562936209
2025-11-27 09:24:23,4147692655
2025-11-27 09:27:30,3134210590
2025-11-27 09:57:51,8829089306
2025-11-27 10:36:28,9525755607
2025-11-27 10:37:43,1500698768
2025-11-27 10:41:12,9236269856
2025-11-27 10:59:29,737237967
2025-11-27 11:08:48,194226458
2025-11-27 11:24:26,15764679
2025-11-27 11:27:48,5812975400
2025-11-27 12:30:02,5517256654
2025-11-27 12:39:33,67211265
2025-11-27 12:40:53,2261458325
2025-11-27 13:22:25,6205958015
2025-11-27 13:32:07,4248111982
2025-11-27 13:34:54,1929609608
2025-11-27 14:01:05,9787069251
2025-11-27 14:25:58,6041307595
2025-11-27 14:54:55,5974959486
2025-11-27 15:45:51,186598351
2025-11-27 16:14:39,1699319413
2025-11-27 16:36:55,2718376545
2025-11-27 16:45:14,8420444054
2025-11-27 18:36:27,176735559
2025-11-27 18:43:07,9989815427
2025-11-27 19:14:05,8927594526
2025-11-27 19:24:19,1749113948
2025-11-27 19:59:26,8644851251
2025-11-27 20:22:57,7444399240
2025-11-27 20:36:45,8622313213
2025-11-27 21:11:30,9826867170
2025-11-27 22:12:59,1688511769
2025-11-27 23:17:20,6027540014
2025-11-27 23:19:33,8395010797
2025-11-27 23:30:19,9207623974
2025-11-27 23:39:46,4455281102
2025-11-27 23:58:40,4074668151
2025-11-28 00:06:36,6820796166
2025-11-28 00:13:30,3377187462
2025-11-28 00:52:27,7509773855
2025-11-28 01:48:00,5137828069
2025-11-28 02:02:33,6359643746
2025-11-28 03:09:47,9441113837
2025-11-28 03:37:58,4145276896
2025-11-28 03:57:51,4076932991
2025-11-28 04:51:35,5007913433
2025-11-28 05:00:07,3941577730
2025-11-28 05:05:29,7894230836
2025-11-28 05:53:30,6319160602
2025-11-28 06:12:51,1365733891
2025-11-28 06:17:18,5803086421
2025-11-28 07:50:17,4072721997
2025-11-28 09:35:11,9587315475
2025-11-28 10:30:16,5014661570
2025-11-28 11:11:58,8190395834
2025-11-28 11:13:21,2543412553
2025-11-28 11:33:05,2566898339
2025-11-28 12:09:39,8276227160
2025-11-28 12:16:00,3956991995
2025-11-28 12:36:43,2770995548
2025-11-28 13:24:56,4436827622
2025-11-28 13:38:54,917956360
2025-11-28 14:26:28,7558144674
2025-11-28 14:39:24,5145644532
2025-11-28 14:58:44,4635029498
2025-11-28 15:40:13,6118746778
2025-11-28 16:20:06,1487344788
2025-11-28 16:29:04,9003837342
2025-11-28 17:00:10,3829572630
2025-11-28 17:18:48,2958201863
2025-11-28 17:31:20,174880999
2025-11-28 17:31:36,4325762361
2025-11-28 17:34:23,4654924398
2025-11-28 17:34:23,6769705813
2025-11-28 18:51:57,8079135077
2025-11-28 18:52:05,6547377246
2025-11-28 18:54:25,8687110867
2025-11-28 19:21:24,5321169909
2025-11-28 19:25:10,3858810479
2025-11-28 19:40:28,6965983918
2025-11-28 20:59:08,3666842991
2025-11-28 21:12:30,142041438
2025-11-28 21:40:50,2933006857
2025-11-28 21:45:37,8869838499
2025-11-28 21:47:20,7627805360
2025-11-28 22:16:27,8592327793
2025-11-28 22:33:51,2693255933
2025-11-28 22:42:07,6255581020
2025-11-28 23:00:49,653380366
2025-11-28 23:07:11,8382131937
2025-11-28 23:12:23,5159601767
2025-11-28 23:18:41,7919789516
2025-11-28 23:23:06,1186898274
2025-11-28 23:27:48,5711165274
2025-11-28 23:27:48,4232233563
2025-11-28 23:52:36,6681024212
2025-11-29 00:09:30,3038255637
2025-11-29 00:12:17,7481407465
2025-11-29 00:56:13,6348718702
2025-11-29 01:07:20,5166507128
2025-11-29 01:10:48,8735344511
2025-11-29 01:12:17,2924100795
2025-11-29 01:31:28,9566321140
2025-11-29 01:38:36,9818658758
2025-11-29 01:57:14,7557265557
2025-11-29 02:03:08,4085587014
2025-11-29 02:06:43,1262261070
2025-11-29 02:24:04,7097662288
2025-11-29 03:25:36,2008812294
2025-11-29 03:27:46,8274489668
2025-11-29 04:08:51,5491456749
2025-11-29 05:24:25,4143094723
2025-11-29 05:58:08,9687724803
2025-11-29 07:16:52,5778298810
2025-11-29 07:32:46,6184992338
2025-11-29 08:32:06,3940406475
2025-11-29 08:37:48,5148626040
2025-11-29 09:00:35,2398893484
2025-11-29 09:28:41,1060369203
2025-11-29 09:43:59,5538662435
2025-11-29 09:51:52,7164737296
2025-11-29 10:16:21,8503227275
2025-11-29 11:15:01,7896338445
2025-11-29 11:50:23,880922432
2025-11-29 12:04:07,7804588963
2025-11-29 12:08:33,7650949997
2025-11-29 12:47:31,7108713683
2025-11-29 13:03:40,8759189732
2025-11-29 13:37:02,2661072199
2025-11-29 13:46:16,3423793115
2025-11-29 14:34:13,2059730119
2025-11-29 15:09:08,3615847286
2025-11-29 15:19:37,4643210697
2025-11-29 16:23:07,8215921397
2025-11-29 20:01:02,581242912
2025-11-29 20:12:14,171141894
2025-11-29 20:29:50,8959066180
2025-11-29 20:34:08,2452700863
2025-11-29 20:44:15,4323646069
2025-11-29 20:46:21,4461568375
2025-11-29 22:18:41,9455850697
2025-11-29 22:21:05,5528111090
2025-11-29 22:36:27,5061302840
2025-11-29 22:38:26,61472595
2025-11-29 23:08:08,7884224457
2025-11-29 23:28:40,2735169797
2025-11-29 23:33:13,1236929349
2025-11-29 23:56:03,8492973698
2025-11-29 23:59:59,599501057
2025-11-30 00:25:38,6936234409
2025-11-30 00:29:59,4911100338
2025-11-30 00:33:47,5659984092
2025-11-30 00:47:37,8843368580
2025-11-30 00:56:09,3226566194
2025-11-30 00:59:37,6446356412
2025-11-30 01:10:03,9919334072
2025-11-30 01:34:56,1617973745
2025-11-30 01:40:09,9544949780
2025-11-30 02:55:51,5054162633
2025-11-30 03:57:35,986054004
2025-11-30 04:43:25,5119572043
2025-11-30 07:07:50,4095749553
2025-11-30 07:11:18,3337041460
2025-11-30 07:43:43,6528755755
2025-11-30 07:46:31,6533108877
2025-11-30 07:51:16,477996995
2025-11-30 08:17:39,752233164
2025-11-30 08:33:10,8367943695
2025-11-30 08:37:53,2975685403
2025-11-30 08:44:06,1421943051
2025-11-30 08:51:09,5252673275
2025-11-30 08:51:38,2713871897
2025-11-30 08:52:47,8990460576
2025-11-30 08:54:51,8342038496
2025-11-30 09:02:40,5031856699
2025-11-30 09:35:56,485463912
2025-11-30 09:49:27,6419025725
2025-11-30 10:29:07,3411039657
2025-11-30 10:32:47,123305412
2025-11-30 11:50:20,155727242
2025-11-30 12:50:06,8549768318
2025-11-30 12:53:44,368906485
2025-11-30 13:00:58,7406353281
2025-11-30 13:14:57,9502275497
2025-11-30 13:17:09,6408943027
2025-11-30 13:51:00,5693536707
2025-11-30 14:11:47,159174598
2025-11-30 15:32:05,713625706
2025-11-30 15:36:48,2344791953
2025-11-30 15:54:14,224264162
2025-11-30 15:58:58,5687828588
2025-11-30 16:17:10,8057930010
2025-11-30 16:43:24,9707057439
2025-11-30 17:11:47,7296090574
2025-11-30 17:56:17,7527614901
2025-11-30 18:54:56,6198044823
2025-11-30 19:16:13,7880887781
2025-11-30 19:57:42,4987955680
2025-11-30 20:35:33,7693146612
2025-11-30 20:35:46,2633498164
2025-11-30 21:13:23,6299707970
2025-11-30 21:18:53,1290979724
2025-11-30 21:34:56,4651306224
2025-11-30 22:00:29,4566075508
2025-11-30 23:01:45,244673391
2025-11-30 23:04:45,2877464022
2025-11-30 23:32:17,7645358440
2025-11-30 23:53:17,8327208558
2025-11-30 23:59:23,7362172393
2025-12-01 00:09:50,819327351
2025-12-01 00:22:43,4825788589
2025-12-01 00:39:00,5981148917
2025-12-01 00:42:20,6812646269
2025-12-01 01:01:23,5105251805
2025-12-01 01:03:12,4314141502
2025-12-01 01:12:32,7179536538
2025-12-01 01:19:31,3628833906
2025-12-01 01:24:43,1406744179
2025-12-01 01:37:34,9727793523
2025-12-01 02:33:26,9333280634
2025-12-01 02:40:28,2891712879
2025-12-01 03:12:06,6183820345
2025-12-01 03:15:21,5729907485
2025-12-01 03:27:39,5580242277
2025-12-01 04:11:27,7762233080
2025-12-01 04:21:29,6421916198
2025-12-01 05:12:30,9510182016
2025-12-01 05:46:24,3256512938
2025-12-01 06:27:31,5959555175
2025-12-01 07:19:30,4017814301
2025-12-01 07:37:59,6200686769
2025-12-01 07:51:35,2885904311
2025-12-01 10:01:20,6812548629
2025-12-01 10:29:52,4007461204
2025-12-01 10:37:34,4493292524
2025-12-01 10:38:14,5302443502
2025-12-01 10:41:52,7295507401
2025-12-01 10:42:05,2965986483
